{"keypoints2D": [[0.0, 0.0, 0.0], [0.0, 0.0, 0.0], [0.0, 0.0, 0.0], [779.0271606445312, 227.43362426757812, 0.919921875], [729.7330322265625, 234.82774353027344, 0.9501953125], [788.885986328125, 264.40423583984375, 0.9443359375], [710.0153198242188, 284.1219177246094, 0.9306640625], [833.250732421875, 338.3454895019531, 0.9375], [665.6505737304688, 358.06317138671875, 0.92626953125], [793.8154296875, 348.2043151855469, 0.908203125], [690.2976684570312, 397.4985046386719, 0.923828125], [779.0271606445312, 392.5690612792969, 0.9091796875], [705.0859375, 387.6396484375, 0.939453125], [793.8154296875, 525.663330078125, 0.93359375], [710.0153198242188, 530.5927124023438, 0.9326171875], [749.45068359375, 594.6751708984375, 0.9619140625], [705.0859375, 643.9692993164062, 0.9833984375], [754.3800659179688, 210.1806640625, 0.9208984375], [749.45068359375, 254.54541015625, 0.91650390625], [744.521240234375, 387.6396484375, 0.9150390625], [0.0, 0.0, 0.0], [0.0, 0.0, 0.0], [0.0, 0.0, 0.0], [0.0, 0.0, 0.0], [0.0, 0.0, 0.0], [0.0, 0.0, 0.0], [749.45068359375, 323.5572509765625, 0.90234375], [754.3800659179688, 244.6865692138672, 0.96044921875]], "keypoints3D": [[0.000430583517299965, -0.00010900730558205396, 4.1587594751035795e-05], [0.13236862421035767, 0.0009572965791448951, 0.03587218374013901], [0.18842296302318573, 0.47035661339759827, 0.08599798381328583], [0.10788637399673462, 0.7413769960403442, 0.4313555061817169], [-0.13237665593624115, -0.0007385338540188968, -0.03581075370311737], [-0.10537257790565491, 0.476071834564209, 0.021793819963932037], [-0.09281030297279358, 0.8933771252632141, 0.19826242327690125], [0.009262217208743095, -0.2214859127998352, -0.06976015865802765], [-0.024990934878587723, -0.4052414298057556, -0.26614081859588623], [-0.029492607340216637, -0.415521502494812, -0.37359827756881714], [-0.034280434250831604, -0.5235323309898376, -0.3927011787891388], [0.11294405162334442, -0.38442671298980713, -0.22153836488723755], [0.2739526033401489, -0.1642414778470993, -0.12580379843711853], [0.10217417776584625, -0.09734351933002472, -0.33044514060020447], [-0.1488623470067978, -0.32767581939697266, -0.22934240102767944], [-0.2770284414291382, -0.09221624583005905, -0.13343201577663422], [-0.21732495725154877, 0.05343912914395332, -0.32920387387275696]], "camera": [1145.51133842318, 1144.77392807652, 514.968197319863, 501.882018537695]}